Exercise,Sunny,29,Make the most of the sunshine and go for a refreshing swim or engage in beach volleyball.
Exercise,Sunny,13,Head outdoors and enjoy a game of basketball or soccer under the warm sun.
Exercise,Sunny,18,Make the most of the sunny day by going for a bike ride or a jog to get your heart pumping.
Exercise,Sunny,23,Enjoy the sunshine and engage in outdoor activities like playing frisbee or going for a run in the park.
Exercise,Sunny,28,Head to the local park and do a workout session to make the most of the sunny day.
Exercise,Sunny,12,Head to the local park and engage in outdoor activities like playing frisbee or going for a run.
Exercise,Sunny,17,Make the most of the sunny weather and engage in outdoor activities like hiking or playing beach volleyball.
Exercise,Sunny,22,Head to the nearest outdoor fitness park and engage in a workout session to make the most of the sunny day.
Exercise,Sunny,27,Head to the local park and engage in a workout session to enjoy the sunny weather and stay active.
Exercise,Sunny,11,Head to the local park and engage in a workout session to make the most of the sunny weather.
Exercise,Sunny,16,Make the most of the sunny weather and engage in outdoor activities like swimming or cycling.
Exercise,Sunny,21,Take advantage of the sunny weather and go for a run or join a local sports club for a game.
Exercise,Sunny,26,Take your workout outdoors and enjoy activities like speed walking or yoga.
Exercise,Sunny,10,Head to the park and engage in a fun group workout session to make the most of the sunny weather.
Exercise,Sunny,15,Make the most of the sunny weather and participate in outdoor activities like rock climbing or kayaking.
Exercise,Sunny,20,Head to the local park and engage in a high-intensity interval training (HIIT) session to maximize the sunny day.
Exercise,Sunny,25,Make the most of the sunny weather by going for a swim or participating in a beach volleyball game.
Exercise,Sunny,30,Head to the local park and engage in a workout session to boost your energy and enjoy the sunny day.
Exercise,Sunny,24,Make the most of the sunny weather and go for a challenging hike or try an outdoor fitness class.
Exercise,Sunny,29,Head to the local park and engage in a workout session to make the most of the sunny weather.
Exercise,Sunny,13,Head to the local park and engage in outdoor activities like hiking or playing beach volleyball.
Exercise,Sunny,18,Take your workout outdoors and enjoy activities like yoga jogging or some table tennis.
Exercise,Sunny,23,Make the most of the sunny weather and participate in outdoor activities like rock climbing or kayaking.
Exercise,Sunny,28,Head to the local park and engage in a workout session to boost your energy and enjoy the sunny day.
Exercise,Sunny,12,Enjoy the sunshine and engage in outdoor activities like swimming or cycling.
Exercise,Sunny,17,Head to the local sports complex and engage in activities like tennis basketball or football.
Exercise,Sunny,22,Make the most of the sunny weather and go for a challenging hike or try an outdoor fitness class.
Exercise,Sunny,27,Head to the local park and engage in a workout session to make the most of the sunny weather.
Exercise,Sunny,11,Head to the local park and engage in outdoor activities like hiking or playing beach volleyball.
Exercise,Sunny,16,Take your workout outdoors and enjoy activities like yoga jogging or a game of tennis.
Exercise,Sunny,21,Make the most of the sunny weather and participate in outdoor activities like rock climbing or kayaking.
Exercise,Sunny,26,Head to the local park and engage in a workout session to boost your energy and enjoy the sunny day.
Exercise,Sunny,10,Enjoy the sunshine and engage in outdoor activities like cycling , ,
Exercise,Sunny,15,Head to the local sports complex and engage in activities like tennis  basketball or soccer, ,
Exercise,Sunny,20,Make the most of the sunny weather and go for a challenging hike or try an outdoor fitness class. 
Exercise,Sunny,25,Head to the local park and engage in a workout session to make the most of the sunny weather. 
Exercise,Sunny,30,Head to the local park and engage in outdoor activities like hiking or playing beach volleyball. 
Exercise,Sunny,25,Why not go for a refreshing morning run in the sun?
Exercise,Rain,18,Put on your favorite workout playlist and dance in the rain.
Exercise,Sunny,28,Enjoy the sunshine and take a long bike ride in nature.
Exercise,Clouds,20,Challenge yourself with a high-intensity interval training session.
Exercise,Rain,14,Embrace the rain and engage in a fun indoor workout routine.
Exercise,Snow,13,Build a snowman and have a playful snowball fight to get some exercise.
Exercise,Hail,12,Turn up the music and have a fun dance workout at home.
Exercise,Sunny,26,Head to the park and challenge yourself with a strength training routine.
Exercise,Clouds,19,Join a local fitness class and work out with like-minded individuals.
Exercise,Sunny,28,Go for a swim and enjoy the refreshing feeling of the water.
Exercise,Clouds,20,Challenge yourself with a hike in nature and enjoy the scenery.
Exercise,Sunny,27,Engage in a friendly game of basketball with friends at the local court.
Exercise,Clouds,19,Join a yoga class and enhance your physical and mental well-being.
Exercise,Sunny,26,Get your heart pumping with a fun Zumba class.
Exercise,Clouds,18,Head to the gym and engage in a challenging strength training session.
Exercise,Sunny,25,Grab a frisbee and have a fun-filled game at the beach.
Exercise,Rain,16,Embrace the rain and go for a refreshing jog in your favorite park.
Exercise,Hail,12,Dance your way to fitness with an energizing dance workout at home.
Exercise,Sunny,28,Head to the beach and engage in beach volleyball or frisbee.
Exercise,Snow,11,Take advantage of the snowy day and go skiing or snowboarding.
Exercise,Sunny,26,Enjoy the outdoors with a challenging hike in the mountains.
Exercise,Clouds,19,Join a local sports club and engage in your favorite sport.
Exercise,Rain,14,Turn up the music and dance your way to fitness at home.
Exercise,Sunny,25,Explore your city by renting a bike and going for a leisurely ride.
Exercise,Clouds,20,Join a fitness boot camp and challenge yourself with intense workouts.
Exercise,Sunny,27,Play a game of soccer or football with friends in a nearby park.
Exercise,Clouds,22,Participate in a group fitness class and sweat it out with others.
Exercise,Sunny,28,Go for a bike ride and enjoy the fresh air and scenic views.
Exercise,Clouds,20,Engage in a Pilates session and strengthen your core.
Exercise,Rain,15,Join a dance class and have fun while burning calories.
Exercise,Hail,11,Create a home workout routine and challenge yourself to complete it.
Exercise,Rain,14,Do a high-intensity interval training (HIIT) workout at home.
Exercise,Sunny,25,Grab a friend and play a game of tennis or badminton in the park.
Exercise,Clouds,20,Participate in a group hike and enjoy the beauty of nature.
Exercise,Rain,17,Try a new workout routine and challenge your body in different ways.
Exercise,Sunny,27,Go for a swim and enjoy the therapeutic benefits of water.
Exercise,Clouds,19,Join a group fitness class and work out with motivated individuals.
Exercise,Rain,15,Create a home circuit training workout and sweat it out indoors.
Exercise,Sunny,26,Play a round of golf and enjoy the beautiful weather.
Exercise,Clouds,21,Join a martial arts class and learn self-defense techniques.
Exercise,Clouds,19,Participate in a group cycling class and improve your cardiovascular fitness.
Exercise,Rain,18,Do a home workout using bodyweight exercises and challenge your muscles.
Exercise,Sunny,25,Go for a jog in the park and enjoy the fresh air and greenery.
Exercise,Clouds,20,Join a dance fitness class and have fun while getting fit.
Exercise,Rain,16,Try a new workout routine and keep your body guessing.
Exercise,Sunny,23,Engage in a game of basketball with friends and have a friendly competition.
Exercise,Clouds,21,Join a group hiking club and explore different trails in your area.
Exercise,Sunny,25,Head to the beach and play beach volleyball with friends.
Exercise,Clouds,20,Join a fitness studio and try out different workout classes.
Exercise,Rain,14,Create a home yoga routine and improve flexibility and strength.
Exercise,Sunny,28,Go for a hike and enjoy the scenic views from the mountaintop.
Exercise,Clouds,20,Join a sports league and enjoy the camaraderie of team sports.
Exercise,Rain,15,Do a home workout using resistance bands and challenge your muscles.
Exercise,Sunny,26,Take a dance class and have fun while improving coordination.
Exercise,Clouds,22,Participate in a group cycling class and enjoy the energy of the group.
Exercise,Sunny,27,Go for a jog by the river and enjoy the serene surroundings.
Exercise,Clouds,20,Join a recreational sports league and have fun while staying active.
Exercise,Rain,18,Create a home workout circuit and challenge your fitness levels.
Exercise,Sunny,28,Join a dance fitness class and let the music energize your workout.
Exercise,Clouds,19,Participate in a group hiking expedition and enjoy the beauty of nature.
Exercise,Rain,16,Do a home workout using a jump rope and elevate your heart rate.
Exercise,Sunny,27,Go for a bike ride in the park and feel the wind in your hair.
Exercise,Clouds,20,Join a yoga class and improve flexibility and balance.
Exercise,Rain,17,Create a home workout routine and stay active even on rainy days.
Exercise,Sunny,26,Play a game of beach volleyball and enjoy the sand between your toes.
Exercise,Clouds,19,Join a local sports club and engage in your favorite sport with fellow enthusiasts.
Exercise,Rain,15,Challenge yourself with a home workout using a resistance band.
Exercise,Sunny,28,Go for a swim in the nearest pool or beach and enjoy the water.
Exercise,Clouds,20,Join a Zumba class and dance your way to fitness.
Exercise,Rain,16,Do a home workout using bodyweight exercises and challenge your muscles.
Exercise,Sunny,24,Go for a run in the park and enjoy the sights and sounds of nature.
Exercise,Clouds,21,Join a kickboxing class and improve your strength and coordination.
Exercise,Sunny,25,Join a sports team and engage in friendly competition with other players.
Exercise,Clouds,20,Participate in a group hike and enjoy the beauty of nature.
Exercise,Rain,18,Do a home workout using bodyweight exercises and challenge your muscles.
Exercise,Sunny,26,Go for a swim in the nearest pool or beach and enjoy the water.
Exercise,Clouds,20,Join a Zumba class and dance your way to fitness.
Exercise,Rain,16,Do a home workout using bodyweight exercises and challenge your muscles.
Exercise,Sunny,24,Go for a run in the park and enjoy the sights and sounds of nature.
Exercise,Clouds,21,Join a kickboxing class and improve your strength and coordination.
Exercise,Sunny,25,Join a sports team and engage in friendly competition with other players.
Exercise,Clouds,20,Participate in a group hike and enjoy the beauty of nature.
Exercise,Rain,18,Do a home workout using bodyweight exercises and challenge your muscles.
Exercise,Sunny,26,Go for a swim in the nearest pool or beach and enjoy the water.
Exercise,Clouds,20,Join a Zumba class and dance your way to fitness.
Exercise,Rain,16,Do a home workout using bodyweight exercises and challenge your muscles.
Exercise,Sunny,24,Go for a run in the park and enjoy the sights and sounds of nature.
Exercise,Clouds,21,Join a kickboxing class and improve your strength and coordination.
Exercise,Sunny,25,Join a sports team and engage in friendly competition with other players.
Exercise,Clouds,20,Participate in a group hike and enjoy the beauty of nature.
Exercise,Rain,18,Do a home workout using bodyweight exercises and challenge your muscles.
Exercise,Sunny,26,Go for a swim in the nearest pool or beach and enjoy the water.
Exercise,Clouds,20,Join a Zumba class and dance your way to fitness.
Exercise,Rain,16,Do a home workout using bodyweight exercises and challenge your muscles.
Exercise,Thunderstorm,10,Why not have an invigorating indoor workout during the thunderstorm?
Exercise,Thunderstorm,11,Stay active and energized with a home exercise routine while it thunders outside.
Exercise,Thunderstorm,12,Engage in a high-intensity workout session indoors to make the most of the thunderstorm.
Exercise,Thunderstorm,13,Challenge yourself with a bodyweight workout while enjoying the ambiance of a thunderstorm.
Exercise,Thunderstorm,14,Utilize this time to strengthen your body with a lightning-fast workout indoors.
Exercise,Thunderstorm,15,Take advantage of the thunderstorm and engage in a productive exercise session at home.
Exercise,Thunderstorm,16,Why not try a dance workout routine while listening to the soothing sound of the thunderstorm?
Exercise,Thunderstorm,17,Keep your body moving and grooving with an indoor cardio workout during the thunderstorm.
Exercise,Thunderstorm,18,Unleash your energy with an intense workout session while the thunderstorm rages on.
Exercise,Thunderstorm,19,Embrace the power of the thunderstorm and power through a challenging exercise routine.
Exercise,Thunderstorm,20,Elevate your fitness level with an indoor workout while enjoying the thunderstorm.
Exercise,Thunderstorm,21,Turn the thunderstorm into an opportunity for a rejuvenating yoga or pilates session.
Exercise,Thunderstorm,22,Enhance your flexibility and strength with a stretching workout as the thunder roars.
Exercise,Thunderstorm,23,Indulge in a full-body workout and let the thunderstorm outside energize your exercise routine.
Exercise,Thunderstorm,24,Channel the energy of the thunderstorm into a high-intensity interval training workout.
Exercise,Thunderstorm,25,Take this time to focus on your core strength with a challenging workout during the thunderstorm.
Exercise,Thunderstorm,26,Embrace the power of the thunderstorm and push your limits with an intense exercise session.
Exercise,Thunderstorm,27,Enjoy a dynamic workout routine while the thunderstorm adds an element of excitement.
Exercise,Thunderstorm,28,Make the most of the thunderstorm by engaging in a fun and energetic home workout.
Exercise,Thunderstorm,29,Boost your endorphins with a workout session as the thunderstorm creates a dramatic atmosphere.
Exercise,Thunderstorm,30,Stay motivated and active by incorporating a workout into your day despite the thunderstorm.
Exercise,Drizzle,10,Why not go for a light jog or walk in the refreshing drizzle?
Exercise,Drizzle,11,Stay active and embrace the drizzle by taking a brisk walk outdoors.
Exercise,Drizzle,12,Engage in a low-impact workout in the gentle drizzle to keep your body moving.
Exercise,Drizzle,13,Challenge yourself with a bike ride or hike in the invigorating drizzle.
Exercise,Drizzle,14,Utilize this time to strengthen your muscles with a resistance band workout in the drizzle.
Exercise,Drizzle,15,Take advantage of the drizzle and enjoy a rejuvenating outdoor exercise routine.
Exercise,Drizzle,16,Why not try a yoga or tai chi session in the calming drizzle?
Exercise,Drizzle,17,Keep your heart rate up with a cardio workout while enjoying the refreshing drizzle.
Exercise,Drizzle,18,Unleash your energy with a circuit training session in the invigorating drizzle.
Exercise,Drizzle,19,Embrace the beauty of nature and go for a run in the pleasant drizzle.
Exercise,Drizzle,20,Elevate your fitness level with an outdoor workout while enjoying the gentle drizzle.
Exercise,Drizzle,21,Turn the drizzle into an opportunity for a mindful walking meditation.
Exercise,Drizzle,22,Enhance your balance and flexibility with a stretching routine in the calming drizzle.
Exercise,Drizzle,23,Indulge in a full-body workout and let the drizzle invigorate your exercise routine.
Exercise,Drizzle,24,Channel the energy of the drizzle into a challenging outdoor fitness session.
Exercise,Drizzle,25,Take this time to focus on your strength and endurance with a workout in the drizzle.
Exercise,Drizzle,26,Embrace the tranquility of the drizzle and engage in a peaceful outdoor exercise session.
Exercise,Drizzle,27,Enjoy a refreshing outdoor workout while the drizzle adds a touch of serenity.
Exercise,Drizzle,28,Make the most of the drizzle by incorporating fun and playful exercises into your routine.
Exercise,Drizzle,29,Boost your energy with a workout in the drizzle and feel refreshed and invigorated.
Exercise,Drizzle,30,Stay motivated and active by embracing the drizzle and incorporating exercise into your day.
Exercise,Mist,10,Why not go for a calming walk or jog in the misty surroundings?
Exercise,Mist,11,Stay active and embrace the mist by engaging in a gentle outdoor exercise routine.
Exercise,Mist,12,Engage in a refreshing yoga or stretching session in the misty ambiance.
Exercise,Mist,13,Challenge yourself with a hike or trail run in the enchanting misty weather.
Exercise,Mist,14,Utilize this time to strengthen your core with a Pilates or barre workout in the mist.
Exercise,Mist,15,Take advantage of the mist and enjoy a mindful and meditative exercise routine.
Exercise,Mist,16,Why not try a low-impact aerobic workout in the tranquil misty surroundings?
Exercise,Mist,17,Keep your body moving with a dance workout or Zumba session in the mist.
Exercise,Mist,18,Unleash your energy with a HIIT workout in the mysterious misty weather.
Exercise,Mist,19,Embrace the peacefulness of the mist and go for a calming walk or jog outdoors.
Exercise,Mist,20,Elevate your fitness level with an outdoor workout in the misty and serene atmosphere.
Exercise,Mist,21,Turn the misty weather into an opportunity for a grounding and centering exercise routine.
Exercise,Mist,22,Enhance your flexibility and balance with a yoga or tai chi practice in the mist.
Exercise,Mist,23,Indulge in a full-body workout and let the mist create a calming backdrop for your exercise.
Exercise,Mist,24,Channel the serenity of the mist into a challenging and invigorating outdoor fitness session.
Exercise,Mist,25,Take this time to focus on your endurance and stamina with an energizing workout in the mist.
Exercise,Mist,26,Embrace the tranquility of the mist and engage in a peaceful and mindful outdoor exercise session.
Exercise,Mist,27,Enjoy the ethereal atmosphere of the mist while keeping your body active with an outdoor workout.
Exercise,Mist,28,Make the most of the misty weather by incorporating functional movements into your exercise routine.
Exercise,Mist,29,Boost your mood and vitality with an invigorating workout in the misty outdoors.
Exercise,Mist,30,Stay motivated and active by embracing the mist and incorporating exercise into your day.
Exercise,Fog,10,Why not have a calming stroll or light exercise session in the enchanting fog?
Exercise,Fog,11,Stay active and embrace the fog by engaging in a gentle outdoor workout routine.
Exercise,Fog,12,Enhance your flexibility and mindfulness with a yoga or stretching session in the foggy surroundings.
Exercise,Fog,13,Challenge yourself with a power walk or jog in the mysterious and misty fog.
Exercise,Fog,14,Utilize this time to strengthen your muscles with a resistance band workout in the foggy ambiance.
Exercise,Fog,15,Take advantage of the fog and enjoy a refreshing outdoor exercise routine.
Exercise,Fog,16,Why not try a low-impact cardio workout in the serene and foggy atmosphere?
Exercise,Fog,17,Keep your heart rate up with a high-energy dance workout in the foggy surroundings.
Exercise,Fog,18,Unleash your energy with a circuit training session in the invigorating foggy weather.
Exercise,Fog,19,Embrace the peacefulness of the fog and go for an invigorating run or hike outdoors.
Exercise,Fog,20,Elevate your fitness level with an outdoor workout in the foggy and mystical ambiance.
Exercise,Fog,21,Turn the foggy weather into an opportunity for a grounding and meditative exercise routine.
Exercise,Fog,22,Enhance your balance and focus with a tai chi or qigong practice in the calming fog.
Exercise,Fog,23,Indulge in a full-body workout and let the fog create a soothing backdrop for your exercise.
Exercise,Fog,24,Channel the serenity of the fog into a challenging and invigorating outdoor fitness session.
Exercise,Fog,25,Take this time to focus on your strength and endurance with an intense workout in the fog.
Exercise,Fog,26,Embrace the tranquility of the fog and engage in a peaceful and mindful outdoor exercise session.
Exercise,Fog,27,Enjoy the ethereal atmosphere of the fog while keeping your body active with an outdoor workout.
Exercise,Fog,28,Make the most of the foggy weather by incorporating functional movements into your exercise routine.
Exercise,Fog,29,Boost your mood and vitality with an invigorating workout in the foggy outdoors.
Exercise,Fog,30,Stay motivated and active by embracing the fog and incorporating exercise into your day.
Exercise,Clear,10,Take a brisk morning walk to start your day off on the right foot.
Exercise,Clear,11,Challenge yourself with a short HIIT workout for an energy boost.
Exercise,Clear,12,Enjoy a peaceful outdoor yoga session under the clear sky.
Exercise,Clear,13,Go for a refreshing jog and feel the breeze on your face.
Exercise,Clear,14,Discover the benefits of strength training with a bodyweight workout.
Exercise,Clear,15,Get your heart pumping by going for a bike ride in the clear weather.
Exercise,Clear,16,Engage in a fun and energetic dance workout outdoors.
Exercise,Clear,17,Take a break and practice mindfulness through a calming stretching routine.
Exercise,Clear,18,Try a new outdoor activity like rock climbing or paddleboarding.
Exercise,Clear,19,Take advantage of the clear weather and go for a scenic hike.
Exercise,Clear,20,Join a local sports team or gather friends for a friendly game.
Exercise,Clear,21,Take a dip in the pool and enjoy a refreshing swim.
Exercise,Clear,22,Boost your energy with a high-intensity cardio workout under the clear sky.
Exercise,Clear,23,Challenge yourself with a challenging outdoor circuit training session.
Exercise,Clear,24,Unleash your inner yogi and practice invigorating power yoga.
Exercise,Clear,25,Discover the beauty of nature by going for a long-distance run.
Exercise,Clear,26,Engage in a bodyweight strength training routine in the clear weather.
Exercise,Clear,27,Embrace the clear skies and go for a scenic bike ride.
Exercise,Clear,28,Elevate your fitness level with a challenging outdoor boot camp workout.
Exercise,Clear,29,Enjoy a calming outdoor yoga practice and connect with nature.
Exercise,Clear,30,Challenge yourself with an intense interval training session in the clear weather.