Gratitude,Rain,28,During the rain create a gratitude collage with pictures and quotes that inspire appreciation.
Gratitude,Rain,12,Listen to calming rain sounds and practice a gratitude meditation to foster a positive mindset.
Gratitude,Rain,17,As the rain falls write down three things you're grateful for and reflect on the positive aspects of your life.
Gratitude,Rain,22,As the rain washes away negativity write a gratitude letter to someone who has made a positive impact on your life.
Gratitude,Rain,27,As the rain pours sit by a window and write a heartfelt letter of gratitude to someone you appreciate.
Gratitude,Rain,11,Embrace the rainy weather and practice gratitude by creating a gratitude jar filled with positive moments.
Gratitude,Rain,16,As the rain falls practice gratitude by writing down positive affirmations to uplift your mood.
Gratitude,Rain,21,Create a peaceful ambiance by lighting scented candles and practice gratitude meditation during a gentle rain shower.
Gratitude,Rain,26,Listen to the sound of raindrops and reflect on the positive aspects of your life through gratitude journaling.
Gratitude,Rain,10,Embrace the rain and spend time writing down positive affirmations to boost your mood and mindset.
Gratitude,Rain,15,As the rain falls practice gratitude by writing a letter to yourself acknowledging your accomplishments and strengths.
Gratitude,Rain,20,Listen to calming rain sounds and practice gratitude meditation to cultivate a sense of peace and contentment.
Gratitude,Rain,25,As the rain falls reconnect with loved ones.
Gratitude,Rain,30,Create a gratitude jar and fill it with notes of appreciation for the small joys in life during a peaceful rain shower.
Gratitude,Rain,14,As the rain falls  reflect on the positive moments of your day and express gratitude for the simple pleasures.
Gratitude,Rain,19,During the rain write down three things you are grateful for and reflect on the positive aspects of your life.
Gratitude,Rain,29,Listen to the sound of raindrops and reflect on the positive moments and experiences that have shaped you.
Gratitude,Rain,23,As the rain pours  write a gratitude journal entry highlighting the positive moments of your day.
Gratitude,Rain,22,As the rain falls reflect on the positive moments of your day and express gratitude for the simple pleasures.
Gratitude,Rain,27,Listen to the sound of raindrops and reflect on the positive moments and experiences that have shaped you.
Gratitude,Rain,11,"As the rain falls,  write a heartfelt letter of appreciation to someone who has inspired you."
Gratitude,Rain,16,During the rain write down five things you're grateful for.
Gratitude,Rain,21,As the rain pours  write a gratitude journal entry highlighting the positive moments of your day.
Gratitude,Rain,26, Write a letter of gratitude to someone who has positively impacted your life.
Gratitude,Rain,10,As the rain falls  practice gratitude by writing down positive affirmations to uplift your mood.
Gratitude,Rain,20,As the rain falls  reflect on the positive moments of your day and express gratitude for the simple pleasures.
Gratitude,Rain,25,Listen to the sound of raindrops and reflect on the positive moments and experiences that have shaped you.
Gratitude,Rain,30, Write a heartfelt letter of appreciation to someone who has inspired you as the rain falls  
Gratitude,Rain,14,During the rain write down five goals for and visualize them coming true. 
Gratitude,Rain,19,As the rain pours  write a gratitude journal entry highlighting the positive moments of your day. 
Gratitude,Rain,24,As the rain falls write a letter of gratitude to someone who has positively impacted your life. 
Gratitude,Rain,29,As the rain falls practice gratitude by writing down positive affirmations to uplift your mood. 
Gratitude,Snow,15,Take a moment to appreciate the beauty of the snowfall today.
Gratitude,Clouds,22,Reflect on the good things in life and write them down in a gratitude journal.
Gratitude,Sunny,27,Take a moment to write a heartfelt thank-you letter to someone you appreciate.
Gratitude,Hail,11,Find joy in the small things and express gratitude for them.
Gratitude,Snow,10,Write down three things you're grateful for in the tranquility of a snowy day.
Gratitude,Rain,17,Take a moment to express gratitude for the sound of rain and its calming effect.
Gratitude,Clouds,21,Practice a gratitude meditation to cultivate a positive mindset.
Gratitude,Rain,18,Find joy in the raindrops and express gratitude for the gift of water.
Gratitude,Clouds,22,Reflect on the positive moments of your day and write them in a gratitude journal.
Gratitude,Rain,17,Practice a gratitude visualization exercise to cultivate a positive mindset.
Gratitude,Clouds,21,Take a moment to appreciate the beauty of the clouds and express gratitude.
Gratitude,Rain,16,Take a moment to appreciate the rain and its role in nurturing life.
Gratitude,Clouds,20,Write a letter of gratitude to someone who has positively impacted your life.
Gratitude,Rain,17,Take a moment to express gratitude for the soothing sound of rain.
Gratitude,Snow,10,Take a walk in the snow and reflect on the things you're grateful for.
Gratitude,Thunderstorm,10,Take a moment to appreciate the sound of rain and find joy in its presence
Gratitude,Thunderstorm,11,Write down three things you are grateful for today
Gratitude,Thunderstorm,12,Send a thank-you note to someone who has made a positive impact in your life
Gratitude,Thunderstorm,13,Take a walk in the rain and embrace the beauty of nature's gift
Gratitude,Thunderstorm,14,Practice gratitude meditation and reflect on the blessings in your life
Gratitude,Thunderstorm,15,Express appreciation to a loved one for their support and love
Gratitude,Thunderstorm,16,Create a gratitude jar and fill it with notes of things you are thankful for
Gratitude,Thunderstorm,17,Take a moment to reflect on the positive lessons you have learned from challenging situations
Gratitude,Thunderstorm,18,Write a letter of gratitude to yourself and acknowledge your strengths and accomplishments
Gratitude,Thunderstorm,19,Reach out to a friend and express gratitude for their presence in your life
Gratitude,Thunderstorm,20,Start a gratitude journal and write down five things you are thankful for each day
Gratitude,Thunderstorm,21,Practice gratitude while enjoying a warm cup of tea and savoring the moment
Gratitude,Thunderstorm,22,Volunteer for a local charity and give back to your community
Gratitude,Thunderstorm,23,Take a moment to appreciate the beauty of the raindrops on leaves and flowers
Gratitude,Thunderstorm,24,Send a message of gratitude to someone who has inspired you
Gratitude,Thunderstorm,25,Take a gratitude walk and focus on the things you are thankful for in nature
Gratitude,Thunderstorm,26,Create a gratitude collage with pictures of moments that bring you joy
Gratitude,Thunderstorm,27,Express gratitude for the opportunities and possibilities that each day brings
Gratitude,Thunderstorm,28,Practice gratitude before bedtime by reflecting on the positive moments of your day
Gratitude,Thunderstorm,29,Start a gratitude jar and add a note of appreciation each time something good happens
Gratitude,Thunderstorm,30,Take a moment to express gratitude for your body and all it allows you to do
Gratitude,Drizzle,10,Write a thank-you letter to a mentor who has guided you in your journey
Gratitude,Drizzle,11,Take a few minutes to appreciate the gentle touch of the rain on your skin
Gratitude,Drizzle,12,Express gratitude for the small joys in life, like the smell of rain and the sound of drops hitting the ground
Gratitude,Drizzle,13,Send a heartfelt message of gratitude to a colleague who has supported you at work
Gratitude,Drizzle,14,Practice a gratitude meditation and let the rain wash away any negativity
Gratitude,Drizzle,15,Write down five things you are grateful for in your life right now
Gratitude,Drizzle,16,Take a walk in nature and notice the beauty that unfolds even in drizzly weather
Gratitude,Drizzle,17,Express gratitude for the lessons learned from challenging experiences
Gratitude,Drizzle,18,Send a gratitude note to someone who has made a positive impact on your community
Gratitude,Drizzle,19,Start your day by listing three things you are grateful for
Gratitude,Drizzle,20,Practice gratitude while sipping a warm cup of coffee and enjoying the drizzle outside
Gratitude,Drizzle,21,Take a moment to appreciate the soothing sound of raindrops falling on the roof
Gratitude,Drizzle,22,Volunteer your time to a local charity and make a difference in someone's life
Gratitude,Drizzle,23,Write a gratitude letter to a family member and express your love and appreciation
Gratitude,Drizzle,24,Take a walk in the rain and let it cleanse your mind and soul
Gratitude,Drizzle,25,Express gratitude for the support and encouragement you receive from friends
Gratitude,Drizzle,26,Create a gratitude jar and fill it with notes of appreciation for yourself and others
Gratitude,Drizzle,27,Practice gratitude while cooking a warm meal and nourishing your body
Gratitude,Drizzle,28,Take a moment to appreciate the beauty of raindrops on flowers and leaves
Gratitude,Drizzle,29,Express gratitude for the opportunities that come your way and embrace them with an open heart
Gratitude,Drizzle,30,Start a gratitude journal and write down three things you are thankful for each day
Gratitude,Mist,10,Take a moment to appreciate the calmness and serenity that misty weather brings
Gratitude,Mist,11,Write a gratitude letter to yourself and acknowledge your strengths and achievements
Gratitude,Mist,12,Express gratitude for the little things in life, like the smell of fresh mist in the air
Gratitude,Mist,13,Send a message of gratitude to a friend who has been there for you during challenging times
Gratitude,Mist,14,Practice a gratitude meditation and let the misty atmosphere enhance your sense of peace
Gratitude,Mist,15,Write down five things you are grateful for in your personal relationships
Gratitude,Mist,16,Take a walk in nature and observe the mystical beauty that emerges in misty weather
Gratitude,Mist,17,Express gratitude for the lessons learned from past mistakes and failures
Gratitude,Mist,18,Send a gratitude note to a neighbor who has shown kindness and support
Gratitude,Mist,19,Start your day by expressing gratitude for the opportunities that lie ahead
Gratitude,Mist,20,Practice gratitude while sipping a warm cup of tea and enjoying the misty view outside
Gratitude,Mist,21,Take a moment to appreciate the stillness and tranquility that misty weather brings
Gratitude,Mist,22,Volunteer at a local shelter and show gratitude for the comforts and blessings in your life
Gratitude,Mist,23,Write a gratitude letter to a teacher or mentor who has made a positive impact on your journey
Gratitude,Mist,24,Take a walk in nature and let the misty atmosphere rejuvenate your mind and body
Gratitude,Mist,25,Express gratitude for the friendships that have enriched your life
Gratitude,Mist,26,Create a gratitude jar and add a note of appreciation each time you experience a moment of peace
Gratitude,Mist,27,Practice gratitude while practicing yoga or meditation in a serene environment
Gratitude,Mist,28,Take a moment to appreciate the beauty of dewdrops on leaves and grass in misty weather
Gratitude,Mist,29,Express gratitude for the growth and personal development you have experienced
Gratitude,Mist,30,Start a gratitude journal and write down three things you are thankful for each day
Gratitude,Fog,10,Take a moment to appreciate the mysterious and ethereal atmosphere that fog brings
Gratitude,Fog,11,Write a gratitude letter to a family member and express your love and appreciation
Gratitude,Fog,12,Express gratitude for the sense of calm and peacefulness that foggy weather creates
Gratitude,Fog,13,Send a message of gratitude to a friend who has been a source of support and inspiration
Gratitude,Fog,14,Practice a gratitude meditation and let the fog symbolize the clarity and focus in your life
Gratitude,Fog,15,Write down five things you are grateful for in your professional journey
Gratitude,Fog,16,Take a walk in nature and let the fog envelop you, connecting you to the natural world
Gratitude,Fog,17,Express gratitude for the challenges that have shaped your character and resilience
Gratitude,Fog,18,Send a gratitude note to a coworker who has made your work environment more positive
Gratitude,Fog,19,Start your day by reflecting on three things you are grateful for in your life
Gratitude,Fog,20,Practice gratitude while sipping a warm cup of cocoa and enjoying the cozy atmosphere
Gratitude,Fog,21,Take a moment to appreciate the sense of mystery and wonder that foggy weather brings
Gratitude,Fog,22,Volunteer your time to help those in need and show gratitude for your own blessings
Gratitude,Fog,23,Write a gratitude letter to a friend who has always been there for you
Gratitude,Fog,24,Take a walk in nature and let the foggy atmosphere awaken your senses
Gratitude,Fog,25,Express gratitude for the opportunities that have allowed you to grow and learn
Gratitude,Fog,26,Create a gratitude jar and fill it with notes of appreciation for yourself and others
Gratitude,Fog,27,Practice gratitude while practicing mindfulness and being fully present in the foggy moment
Gratitude,Fog,28,Take a moment to appreciate the beauty of fog-covered trees and landscapes
Gratitude,Fog,29,Express gratitude for the lessons learned from past mistakes and the wisdom gained
Gratitude,Fog,30,Start a gratitude journal and write down three things you are thankful for each day
Gratitude,Clear,10,Take a few moments to appreciate the beauty of nature around you.
Gratitude,Clear,11,Write down three things you're grateful for and reflect on them.
Gratitude,Clear,12,Send a heartfelt thank-you note to someone who has positively impacted your life.
Gratitude,Clear,13,Practice random acts of kindness and make someone's day brighter.
Gratitude,Clear,14,Express gratitude by volunteering for a cause you care about.
Gratitude,Clear,15,Take a mindful walk and focus on the things you're grateful for.
Gratitude,Clear,16,Start a gratitude journal and write down three things you're thankful for each day.
Gratitude,Clear,17,Send a text message to a friend or family member expressing your gratitude.
Gratitude,Clear,18,Practice self-care and treat yourself to something you enjoy.
Gratitude,Clear,19,Take a moment to appreciate the small things that bring you joy.
Gratitude,Clear,20,Write a letter of gratitude to yourself, acknowledging your achievements.
Gratitude,Clear,21,Practice gratitude by sharing a kind word or compliment with others.
Gratitude,Clear,22,Create a gratitude jar and fill it with notes of appreciation.
Gratitude,Clear,23,Take time to reflect on the lessons learned from challenging experiences.
Gratitude,Clear,24,Practice gratitude meditation and cultivate a sense of peace and contentment.
Gratitude,Clear,25,Express your appreciation to someone who has supported you throughout your journey.
Gratitude,Clear,26,Take a moment to enjoy the present moment and be grateful for what you have.
Gratitude,Clear,27,Write down five things you're grateful for and read them out loud.
Gratitude,Clear,28,Express gratitude by donating to a charitable organization.
Gratitude,Clear,29,Create a gratitude collage with pictures and quotes that inspire you.
Gratitude,Clear,30,Take a moment to thank yourself for your efforts and accomplishments.
