Learning,Snow,11,Take advantage of the snowy day and delve into an online course or tutorial to expand your knowledge.
Learning,Snow,16,Embrace the snowy weather and spend some time learning a new language or practicing a musical instrument.
Learning,Snow,21,Use the snowy day to expand your knowledge by reading educational articles or watching informative videos.
Learning,Snow,26,Use the snowy day as an opportunity to explore online courses and expand your knowledge in a new subject.
Learning,Snow,10,Take advantage of the snowy day and learn a new skill or hobby indoors.
Learning,Snow,15,Use the snowy day to explore online courses or tutorials and acquire new skills or knowledge.
Learning,Snow,20,Utilize the snowy day to learn a new skill or hobby
Learning,Snow,25,Use the snowy day to enhance your knowledge by exploring online courses or tutorials in a subject of interest.
Learning,Snow,30,Utilize the snowy day to learn a new skill or hobby such as painting or playing a musical instrument.
Learning,Snow,14,Use the snowy day to expand your knowledge by studying a new language or exploring educational podcasts.
Learning,Snow,19,Utilize the snowy weather as an opportunity to learn a new coding language or delve into computer science concepts.
Learning,Snow,24,Use the snowy day to explore online courses or tutorials and acquire new skills or knowledge.
Learning,Snow,29,Utilize the snowy weather to engage in creative pursuits like painting or a hobby you have.
Learning,Snow,13,Embrace the snowy day by learning a new musical instrument or exploring music theory concepts.
Learning,Snow,18,Use the snowy day as an opportunity to delve into historical documentaries or explore scientific theories.
Learning,Snow,23,Utilize the snowy weather to learn a new cooking technique or experiment with a new recipe in the kitchen.
Learning,Snow,28,Use the snowy day as an opportunity to explore online courses and enhance your knowledge in a specific field.
Learning,Snow,12,Utilize the snowy day to learn a new language or practice coding skills through online tutorials.
Learning,Snow,17,Embrace the snowy day and enhance your knowledge by exploring scientific documentaries or educational podcasts.
Learning,Snow,22,Use the snowy day to dive into a new subject of interest through online courses or educational videos.
Learning,Snow,27,Utilize the snowy day to learn a new instrument or explore music theory concepts.
Learning,Snow,11,Use the snowy day to explore online courses or tutorials and acquire new skills or knowledge.
Learning,Snow,16,Utilize the snowy weather to engage in creative pursuits like painting.
Learning,Snow,21,Embrace the snowy day by learning a new musical instrument or exploring music theory concepts.
Learning,Snow,26,Use the snowy day as an opportunity to explore online courses and enhance your knowledge in a specific field.
Learning,Snow,10,Utilize the snowy day to learn a new language or practice coding skills through online tutorials.
Learning,Snow,15,Embrace the snowy day and enhance your knowledge by exploring scientific documentaries or educational podcasts.
Learning,Snow,20,Use the snowy day to dive into a new subject of interest through online courses or educational videos.
Learning,Snow,25,Utilize the snowy day to learn a new instrument or explore music theory concepts.
Learning,Snow,30,Use the snowy day to explore online courses or tutorials and acquire new skills or knowledge.
Learning,Snow,14,Utilize the snowy weather to engage in creative pursuits like painting knitting or writing.
Learning,Snow,19,Embrace the snowy day by learning a new musical instrument or exploring music theory concepts.
Learning,Snow,24,Use the snowy day as an opportunity to explore online courses and enhance your knowledge in a specific field.
Learning,Snow,29,Utilize the snowy day to learn a new language or practice coding skills through online tutorials.
Learning,Snow,13,Embrace the snowy day and enhance your knowledge by exploring scientific documentaries or educational podcasts. 
Learning,Snow,18,Use the snowy day to dive into a new subject of interest through online courses or educational videos. 
Learning,Snow,23,Utilize the snowy day to learn a new instrument or explore music theory concepts. 
Learning,Snow,28,Use the snowy day to explore online courses or tutorials and acquire new skills or knowledge. 
Learning,Hail,12,Expand your knowledge by watching educational videos online.
Learning,Clouds,19,Expand your horizons by enrolling in an online course.
Learning,Snow,13,Expand your knowledge by attending an online seminar or webinar.
Learning,Clouds,20,Immerse yourself in a thought-provoking TED Talk that sparks curiosity.
Learning,Rain,15,Listen to an educational podcast and broaden your horizons.
Learning,Hail,12,Watch educational documentaries to learn about new subjects.
Learning,Rain,16,Read a captivating non-fiction book and expand your knowledge.
Learning,Snow,10,Take an online language course and learn a new language from the comfort of your home.
Learning,Clouds,21,Enroll in an online coding course and enhance your technical skills.
Learning,Rain,15,Listen to an informative audiobook and absorb new knowledge.
Learning,Hail,11,Attend a local workshop or seminar on a topic of interest to expand your knowledge.
Learning,Rain,16,Watch educational YouTube videos to learn new skills or gain knowledge.
Learning,Hail,12,Take an online course in photography and learn to capture stunning images.
Learning,Rain,17,Explore online tutorials and learn to play a musical instrument.
Learning,Snow,10,Take an online art class and unleash your creativity.
Learning,Clouds,19,Read scientific articles and stay updated on the latest research in your field of interest.
Learning,Sunny,26,Listen to educational podcasts while going for a long walk in nature.
Learning,Clouds,21,Attend a virtual conference or webinar to gain insights from industry experts.
Learning,Rain,16,Join an online book club and engage in intellectual discussions.
Learning,Sunny,23,Read biographies of inspirational figures and learn from their experiences.
Learning,Clouds,22,Explore online courses on psychology and understand the human mind better.
Learning,Rain,18,Watch educational documentaries and gain knowledge about different cultures.
Learning,Sunny,24,Take online courses on personal finance and learn to manage your money effectively.
Learning,Clouds,20,Listen to educational TED Talks and gain insights from experts in various fields.
Learning,Rain,17,Engage in online language exchange programs to practice speaking a foreign language.
Learning,Rain,16,Read articles on scientific discoveries and stay up to date with the latest research.
Learning,Sunny,23,Explore online courses on entrepreneurship and learn how to start your own business.
Learning,Clouds,22,Engage in a virtual workshop or seminar to enhance your professional skills.
Learning,Rain,17,Read a book on personal development and gain insights to improve your life.
Learning,Sunny,24,Listen to educational audiobooks and make the most of your commute time.
Learning,Clouds,19,Take an online course on digital marketing and enhance your business skills.
Learning,Rain,15,Watch educational videos on YouTube and learn new skills at your own pace.
Learning,Rain,16,Read books on philosophy and expand your perspective on life.
Learning,Rain,18,Take an online course on data analysis and enhance your analytical skills.
Learning,Sunny,27,Read biographies of successful entrepreneurs and learn from their journeys.
Learning,Clouds,19,Listen to educational podcasts while going for a long walk in the park.
Learning,Rain,17,Take an online course on graphic design and unleash your creativity.
Learning,Sunny,25,Attend webinars on personal development and gain new insights.
Learning,Clouds,19,Read books on psychology and understand human behavior better.
Learning,Rain,17,Watch educational YouTube channels and expand your knowledge.
Learning,Rain,16,Enroll in an online course on nutrition and learn to make healthier choices.
Learning,Rain,15,Read books on history and gain insights into different time periods.
Learning,Sunny,24,Listen to educational podcasts while gardening and enjoying nature.
Learning,Clouds,21,Watch educational documentaries on wildlife and nature conservation.
Learning,Rain,17,Read articles on scientific breakthroughs and marvel at human ingenuity.
Learning,Sunny,25,Take online courses on personal development and discover your true potential.
Learning,Clouds,22,Engage in online language learning platforms and acquire a new language.
Learning,Rain,15,Read books on philosophy and explore different perspectives on life.
Learning,Sunny,24,Listen to educational audiobooks while going for a leisurely walk.
Learning,Clouds,21,Watch TED Talks on topics that interest you and broaden your horizons.
Learning,Rain,16,Read articles on psychology and gain insights into human behavior.
Learning,Sunny,25,Take online courses on photography and develop your skills behind the camera.
Learning,Clouds,22,Watch educational documentaries on science and explore the wonders of the universe.
Learning,Rain,17,Read books on personal finance and learn effective money management strategies.
Learning,Sunny,27,Take online courses on web development and enhance your programming skills.
Learning,Clouds,19,Read books on self-improvement and gain insights into personal growth.
Learning,Rain,15,Watch educational videos on history and dive into different historical eras.
Learning,Rain,16,Read books on environmental sustainability and learn how to make a positive impact.
Learning,Rain,17,Take an online course on psychology and gain insights into the human mind.
Learning,Sunny,23,Listen to educational podcasts while going for a long walk in nature.
Learning,Clouds,22,Watch educational documentaries on science and explore the wonders of the universe.
Learning,Rain,17,Read books on personal finance and learn effective money management strategies.
Learning,Sunny,27,Take online courses on web development and enhance your programming skills.
Learning,Clouds,19,Read books on self-improvement and gain insights into personal growth.
Learning,Rain,15,Watch educational videos on history and dive into different historical eras.
Learning,Rain,16,Read books on environmental sustainability and learn how to make a positive impact.
Learning,Rain,17,Take an online course on psychology and gain insights into the human mind.
Learning,Sunny,23,Listen to educational podcasts while going for a long walk in nature.
Learning,Clouds,22,Watch educational documentaries on science and explore the wonders of the universe.
Learning,Rain,17,Read books on personal finance and learn effective money management strategies.
Learning,Sunny,27,Take online courses on web development and enhance your programming skills.
Learning,Clouds,19,Read books on self-improvement and gain insights into personal growth.
Learning,Rain,15,Watch educational videos on history and dive into different historical eras.
Learning,Rain,16,Read books on environmental sustainability and learn how to make a positive impact.
Learning,Rain,17,Take an online course on psychology and gain insights into the human mind.
Learning,Sunny,23,Listen to educational podcasts while going for a long walk in nature.
Learning,Clouds,22,Watch educational documentaries on science and explore the wonders of the universe.
Learning,Rain,17,Read books on personal finance and learn effective money management strategies.
Learning,Sunny,27,Take online courses on web development and enhance your programming skills.
Learning,Clouds,19,Read books on self-improvement and gain insights into personal growth.
Learning,Thunderstorm,10,Expand your knowledge with online courses and embrace the thunderous inspiration.
Learning,Thunderstorm,11,Let the thunderstorm outside ignite your curiosity and delve into a new subject of interest.
Learning,Thunderstorm,12,Why not explore a new language while the thunderstorm brews outside?
Learning,Thunderstorm,13,Take this opportunity to enhance your skills and learn something new amidst the thunderstorm.
Learning,Thunderstorm,14,Immerse yourself in an educational podcast and let the thunderstorm provide an atmospheric backdrop.
Learning,Thunderstorm,15,Dive into a captivating documentary and let the thunderstorm intensify your learning experience.
Learning,Thunderstorm,16,Challenge yourself with a complex puzzle or brain-teasing game while the thunderstorm rages on.
Learning,Thunderstorm,17,Discover the world of literature and let the thunderstorm outside fuel your reading journey.
Learning,Thunderstorm,18,Unwind with a fascinating TED Talk and let the thunderstorm spark intellectual conversations.
Learning,Thunderstorm,19,Embrace the power of technology and enroll in an online course during the thunderstorm.
Learning,Thunderstorm,20,Immerse yourself in a virtual lecture and let the thunderstorm invigorate your thirst for knowledge.
Learning,Thunderstorm,21,Allow the thunderstorm to create a cozy atmosphere for deep learning and personal growth.
Learning,Thunderstorm,22,Expand your horizons with informative documentaries while the thunderstorm mesmerizes outside.
Learning,Thunderstorm,23,Indulge in a learning session and let the thunderstorm inspire moments of insightful reflection.
Learning,Thunderstorm,24,Discover a new topic of interest and delve into it while the thunderstorm creates an ambiance of focus.
Learning,Thunderstorm,25,Take this opportunity to educate yourself about fascinating historical events during the thunderstorm.
Learning,Thunderstorm,26,Let the thunderstorm outside create a conducive environment for expanding your knowledge.
Learning,Thunderstorm,27,Challenge your intellect with a thought-provoking online course while the thunderstorm captivates your senses.
Learning,Thunderstorm,28,Use this time to explore educational podcasts and let the thunderstorm enhance your learning journey.
Learning,Thunderstorm,29,Immerse yourself in a captivating book and let the thunderstorm outside fuel your imagination.
Learning,Thunderstorm,30,Curl up with a cup of tea and engage in online learning as the thunderstorm sets a focused ambiance.
Learning,Drizzle,10,Why not embrace the gentle drizzle and engage in online learning to broaden your horizons?
Learning,Drizzle,11,Take this opportunity to dive into an educational webinar while the drizzle creates a tranquil atmosphere.
Learning,Drizzle,12,Expand your knowledge with informative articles and podcasts amidst the soothing drizzle.
Learning,Drizzle,13,Immerse yourself in a fascinating documentary and let the drizzle outside add an extra layer of relaxation.
Learning,Drizzle,14,Challenge your mind with brain teasers and puzzles while the gentle drizzle sets a calming mood.
Learning,Drizzle,15,Discover a new language and practice vocabulary during the peaceful drizzle.
Learning,Drizzle,16,Unwind with a captivating TED Talk and let the drizzle inspire innovative ideas.
Learning,Drizzle,17,Embrace the power of e-learning platforms and engage in enriching courses during the drizzle.
Learning,Drizzle,18,Indulge in a learning session and let the drizzle outside create a serene learning environment.
Learning,Drizzle,19,Use this time to read thought-provoking articles and expand your knowledge during the drizzle.
Learning,Drizzle,20,Immerse yourself in a virtual lecture and let the drizzle outside add an extra layer of focus to your learning experience.
Learning,Drizzle,21,Allow the gentle drizzle to create a cozy ambiance for deep learning and personal development.
Learning,Drizzle,22,Enhance your skills with online tutorials and let the drizzle outside inspire moments of creativity.
Learning,Drizzle,23,Discover a new area of interest and engage in self-study while the drizzle soothes your mind.
Learning,Drizzle,24,Expand your horizons with insightful podcasts and let the drizzle outside nurture your intellectual growth.
Learning,Drizzle,25,Challenge your critical thinking with logical puzzles and riddles during the tranquil drizzle.
Learning,Drizzle,26,Take this opportunity to learn about innovative technologies and their impact while the drizzle accompanies your exploration.
Learning,Drizzle,27,Immerse yourself in educational literature and let the drizzle outside create a serene backdrop for your reading session.
Learning,Drizzle,28,Explore online courses on diverse subjects and let the drizzle fuel your thirst for knowledge.
Learning,Drizzle,29,Use this time to engage in reflective journaling and embrace the peaceful drizzle as a source of inspiration.
Learning,Drizzle,30,Curl up with a captivating book and enjoy the soothing drizzle as it enhances your reading experience.
Learning,Mist,10,Why not indulge in online learning and let the mist outside set a mystical ambiance for your intellectual exploration?
Learning,Mist,11,Take this opportunity to dive into educational podcasts and let the mist outside inspire moments of insightful reflection.
Learning,Mist,12,Expand your knowledge with informative articles and let the misty surroundings foster a focused learning environment.
Learning,Mist,13,Immerse yourself in a fascinating documentary and let the mist add an extra layer of intrigue to your learning experience.
Learning,Mist,14,Challenge your intellect with brain-teasing puzzles while the mist creates an ambiance of curiosity.
Learning,Mist,15,Discover a new language and practice pronunciation amidst the mysterious mist.
Learning,Mist,16,Unwind with an insightful TED Talk and let the misty atmosphere spark innovative ideas.
Learning,Mist,17,Embrace the power of online courses and explore new topics of interest during the enchanting mist.
Learning,Mist,18,Indulge in a learning session and let the misty surroundings foster moments of deep contemplation.
Learning,Mist,19,Use this time to read thought-provoking articles and expand your knowledge amidst the mystical mist.
Learning,Mist,20,Immerse yourself in a virtual lecture and let the mist outside create an atmospheric backdrop for your learning journey.
Learning,Mist,21,Allow the mist to create a cozy ambiance for introspection and personal growth through learning.
Learning,Mist,22,Enhance your skills with informative webinars and let the mist outside inspire moments of creative thinking.
Learning,Mist,23,Discover a new area of study and engage in self-paced learning while the mist envelops your surroundings.
Learning,Mist,24,Expand your horizons with enlightening podcasts and let the mist add an air of tranquility to your intellectual exploration.
Learning,Mist,25,Challenge your critical thinking with logical puzzles and riddles amidst the captivating mist.
Learning,Mist,26,Take this opportunity to learn about cutting-edge technologies and their implications while the mist sets a mysterious mood.
Learning,Mist,27,Immerse yourself in educational literature and let the mist outside create a serene backdrop for your reading session.
Learning,Mist,28,Explore online courses on diverse subjects and let the mist spark your thirst for knowledge and personal development.
Learning,Mist,29,Use this time to engage in reflective journaling and embrace the mystical mist as a source of inspiration.
Learning,Mist,30,Curl up with a captivating book and enjoy the enchanting mist as it enhances your reading experience.
Learning,Fog,10,Why not embark on a learning journey while the fog outside adds an air of intrigue to your exploration?
Learning,Fog,11,Dive into online learning resources and let the fog create an atmospheric backdrop for your intellectual growth.
Learning,Fog,12,Expand your knowledge with informative articles and let the foggy surroundings foster a focused learning environment.
Learning,Fog,13,Immerse yourself in a fascinating documentary and let the fog add an extra layer of mystery to your learning experience.
Learning,Fog,14,Challenge your intellect with mind-stimulating puzzles while the fog sets a thought-provoking ambiance.
Learning,Fog,15,Discover a new language and practice conversational skills amidst the misty fog.
Learning,Fog,16,Unwind with an insightful TED Talk and let the foggy atmosphere spark innovative ideas.
Learning,Fog,17,Embrace the power of e-learning platforms and explore new subjects during the captivating fog.
Learning,Fog,18,Indulge in a learning session and let the foggy surroundings foster moments of introspection and personal growth.
Learning,Fog,19,Use this time to read thought-provoking articles and expand your knowledge amidst the mystical fog.
Learning,Fog,20,Immerse yourself in a virtual lecture and let the fog outside create an atmospheric backdrop for your learning journey.
Learning,Fog,21,Allow the fog to create a cozy ambiance for deep contemplation and intellectual exploration.
Learning,Fog,22,Enhance your skills with online tutorials and let the fog outside inspire moments of creative thinking.
Learning,Fog,23,Discover a new area of study and engage in self-paced learning while the fog envelops your surroundings.
Learning,Fog,24,Expand your horizons with enlightening podcasts and let the foggy atmosphere enhance your intellectual exploration.
Learning,Fog,25,Challenge your critical thinking with logical puzzles and riddles amidst the captivating fog.
Learning,Fog,26,Take this opportunity to learn about emerging technologies and their impact while the fog sets a mysterious mood.
Learning,Fog,27,Immerse yourself in educational literature and let the fog outside create a serene backdrop for your reading session.
Learning,Fog,28,Explore online courses on diverse subjects and let the foggy atmosphere ignite your thirst for knowledge.
Learning,Fog,29,Use this time to engage in reflective journaling and embrace the mystical fog as a source of inspiration.
Learning,Fog,30,Curl up with a captivating book and enjoy the enchanting fog as it enhances your reading experience.
Learning,Clear,10,Read a chapter from a book in a topic you're curious about.
Learning,Clear,11,Listen to a podcast or audiobook that expands your knowledge.
Learning,Clear,12,Take an online course to learn a new skill or enhance your expertise.
Learning,Clear,13,Explore educational YouTube channels and watch informative videos.
Learning,Clear,14,Visit a museum or art gallery to immerse yourself in culture and history.
Learning,Clear,15,Join a book club or discussion group to engage in intellectual conversations.
Learning,Clear,16,Attend a workshop or seminar to gain insights from industry experts.
Learning,Clear,17,Challenge yourself with a crossword or Sudoku puzzle to sharpen your mind.
Learning,Clear,18,Research a topic of interest and write a short article or blog post about it.
Learning,Clear,19,Engage in online forums or communities to exchange knowledge and ideas.
Learning,Clear,20,Watch a documentary that educates and inspires you.
Learning,Clear,21,Practice a new language through language learning apps or online resources.
Learning,Clear,22,Join a webinar or virtual conference to stay updated on the latest trends.
Learning,Clear,23,Start a journal to reflect on your personal growth and insights.
Learning,Clear,24,Take up a hobby or craft that allows you to learn and create.
Learning,Clear,25,Engage in critical thinking by analyzing thought-provoking articles or essays.
Learning,Clear,26,Explore online tutorials or guides to learn a new creative skill.
Learning,Clear,27,Attend a lecture or talk by an influential speaker in a field of interest.
Learning,Clear,28,Join a study group or online community to collaborate and share knowledge.
Learning,Clear,29,Challenge yourself with brain teasers or logic puzzles to improve cognitive skills.
Learning,Clear,30,Take a moment to reflect on your personal goals and create an action plan for learning.