Reading,Clouds,30,Curl up in a comfortable chair and lose yourself in an engaging autobiography on a Clouds day.
Reading,Clouds,14,Find a cozy nook and immerse yourself in a captivating novel while enjoying the peaceful ambiance of the clouds.
Reading,Clouds,19,Cozy up with a warm blanket and lose yourself in a captivating novel on a Clouds day.
Reading,Clouds,24,Create a cozy reading nook by the window and delve into a thought-provoking non-fiction book on a Clouds afternoon.
Reading,Clouds,29,Curl up with a cup of tea and indulge in a captivating novel on a Clouds afternoon.
Reading,Clouds,13,Find a cozy corner and lose yourself in a fantasy novel while appreciating the calmness of the clouds.
Reading,Clouds,18,Find a comfortable spot by the window and get lost in a captivating novel on a Clouds afternoon.
Reading,Clouds,23,Settle into a cozy armchair and get lost in a thought-provoking non-fiction book on a Clouds day.
Reading,Clouds,28,Find a comfortable spot by the window and immerse yourself in a gripping mystery novel on a Clouds day.
Reading,Clouds,12,Create a cozy reading nook by the fireplace and indulge in a captivating novel on a Clouds afternoon.
Reading,Clouds,17,Find a comfortable spot by the window and get lost in a thrilling suspense novel on a Clouds day.
Reading,Clouds,22,Snuggle up with a warm blanket and immerse yourself in a captivating novel on a Clouds afternoon.
Reading,Clouds,27,Find a cozy cafe and indulge in a thought-provoking book while sipping on a warm cup of coffee on a Clouds day.
Reading,Clouds,11,Find a cozy spot by the window and immerse yourself in a heartwarming romance novel on a Clouds day.
Reading,Clouds,16,Find a cozy reading nook and lose yourself in a thrilling suspense novel on a Clouds afternoon.
Reading,Clouds,21,Cozy up on a comfortable couch and delve into a captivating fantasy series on a Clouds day.
Reading,Clouds,26,Find a cozy cafe and get lost in a captivating historical fiction novel on a Clouds afternoon.
Reading,Clouds,10,Curl up in a cozy armchair and indulge in a captivating mystery novel on a Clouds afternoon.
Reading,Clouds,15,Find a quiet corner and immerse yourself in a thought-provoking self-help book on a Clouds day.
Reading,Clouds,20,Settle into a comfortable spot and lose yourself in an enchanting fantasy novel on a Clouds afternoon.
Reading,Clouds,25,Find a cozy corner and get lost in an engaging historical novel on a Clouds day.
Reading,Clouds,30,Find a comfortable spot and immerse yourself in a captivating mystery novel on a Clouds afternoon.
Reading,Clouds,14,Find a cozy cafe and indulge in a thought-provoking book while sipping on a warm cup of coffee on a Clouds day.
Reading,Clouds,19,Find a cozy spot by the window and immerse yourself in a heartwarming romance novel on a Clouds day.
Reading,Clouds,24,Find a cozy cafe and get lost in a captivating historical fiction novel on a Clouds afternoon.
Reading,Clouds,29,Curl up in a cozy armchair and indulge in a captivating mystery novel on a Clouds afternoon.
Reading,Clouds,13,Find a quiet corner and immerse yourself in a thought-provoking self-help book on a Clouds day.
Reading,Clouds,18,Settle into a comfortable spot and lose yourself in an enchanting fantasy novel on a Clouds afternoon.
Reading,Clouds,23,Find a cozy corner and get lost in an engaging historical novel on a Clouds day.
Reading,Clouds,28,Find a comfortable spot and immerse yourself in a captivating mystery novel on a Clouds afternoon.
Reading,Clouds,12,Find a cozy cafe and indulge in a thought-provoking book while sipping on a warm cup of coffee on a Clouds day.
Reading,Clouds,17,Find a cozy spot by the window and immerse yourself in a heartwarming romance novel on a Clouds day.
Reading,Clouds,22,Find a cozy cafe and get lost in a captivating historical fiction novel on a Clouds afternoon.
Reading,Clouds,27,Curl up in a cozy armchair and indulge in a captivating mystery novel on a Clouds afternoon.
Reading,Clouds,11,Find a quiet corner and immerse yourself in a thought-provoking self-help book on a Clouds day. 
Reading,Clouds,16,Settle into a comfortable spot and lose yourself in an enchanting fantasy novel on a Clouds afternoon. 
Reading,Clouds,21,Find a cozy corner and get lost in an engaging historical novel on a Clouds day. 
Reading,Clouds,26,Find a comfortable spot and immerse yourself in a captivating mystery novel on a Clouds afternoon. 
Reading,Clouds,20,How about curling up with a good book and a cup of tea?
Reading,Rain,16,Indulge in a captivating novel while the raindrops create a cozy ambiance.
Reading,Snow,10,Snuggle up by the fireplace and get lost in a captivating story.
Reading,Sunny,23,Grab your favorite book and find a peaceful spot outdoors to immerse yourself in reading.
Reading,Clouds,20,Delve into a thought-provoking non-fiction book that expands your knowledge.
Reading,Rain,15,Listen to an audiobook and let the sound of rain enhance your reading experience.
Reading,Sunny,24,Take a break in the sunshine and read a chapter of your favorite novel.
Reading,Rain,16,Visit a cozy caf√© and spend the afternoon immersed in a good book.
Reading,Sunny,25,Find a comfortable spot outside and lose yourself in a captivating story.
Reading,Rain,15,Visit a bookstore and discover a new author to dive into.
Reading,Sunny,24,Find a peaceful spot in nature and read to the sound of birds chirping.
Reading,Rain,14,Visit a local library and explore the wide array of books available.
Reading,Sunny,23,Enjoy a picnic in the park while delving into your favorite novel.
Reading,Clouds,19,Join a book club and engage in lively discussions about literature.
Reading,Thunderstorm,10,Why not curl up with a good book and immerse yourself in a thrilling story?
Reading,Thunderstorm,11,Discover new worlds and expand your horizons through the pages of a book.
Reading,Thunderstorm,12,Indulge in a cozy reading session and let the rain provide the perfect backdrop.
Reading,Thunderstorm,13,Take this opportunity to dive into a non-fiction book and learn something new.
Reading,Thunderstorm,14,Let the sound of rain and thunder create a peaceful ambiance for your reading time.
Reading,Thunderstorm,15,Escape into the pages of a novel and let your imagination soar.
Reading,Thunderstorm,16,Why not explore a new genre and broaden your literary tastes?
Reading,Thunderstorm,17,Challenge yourself with a thought-provoking book and stimulate your mind.
Reading,Thunderstorm,18,Unwind with a captivating story and let the storm outside transport you to another world.
Reading,Thunderstorm,19,Embrace the comfort of reading and let the thunderstorm add an extra layer of coziness.
Reading,Thunderstorm,20,Immerse yourself in a book and let the thunder rumble in the background.
Reading,Thunderstorm,21,Allow yourself to get lost in the pages of a book and forget about the storm outside.
Reading,Thunderstorm,22,Expand your knowledge with a captivating non-fiction book while the thunder rolls.
Reading,Thunderstorm,23,Indulge in a reading session and let the raindrops provide a soothing soundtrack.
Reading,Thunderstorm,24,Discover a new author and get lost in their captivating storytelling.
Reading,Thunderstorm,25,Take this opportunity to read that book you've been meaning to start for a while.
Reading,Thunderstorm,26,Let the storm outside create the perfect atmosphere for a cozy reading experience.
Reading,Thunderstorm,27,Challenge your perspective with a thought-provoking book and explore new ideas.
Reading,Thunderstorm,28,Use this time to catch up on your reading list and enjoy the thunderstorm.
Reading,Thunderstorm,29,Immerse yourself in a book and let the sound of raindrops enhance your reading experience.
Reading,Thunderstorm,30,Curl up in a comfortable spot and get lost in the pages of a book as the thunderstorm rages on.
Reading,Drizzle,10,Why not enjoy a light drizzle while reading your favorite book?
Reading,Drizzle,11,Get cozy with a book and savor the gentle pitter-patter of raindrops outside.
Reading,Drizzle,12,Indulge in a reading session and let the drizzle create a peaceful atmosphere.
Reading,Drizzle,13,Take this opportunity to dive into a collection of short stories and enjoy the drizzly weather.
Reading,Drizzle,14,Let the sound of rain create a soothing backdrop for your reading time.
Reading,Drizzle,15,Escape into the pages of a book and let the drizzle wash away your worries.
Reading,Drizzle,16,Why not explore a new author and discover a fresh perspective in this drizzly weather?
Reading,Drizzle,17,Challenge yourself with a thought-provoking book and let the drizzle inspire introspection.
Reading,Drizzle,18,Unwind with a captivating novel and let the drizzle outside provide a calming ambiance.
Reading,Drizzle,19,Embrace the comfort of reading while enjoying the rhythmic drizzle outside.
Reading,Drizzle,20,Immerse yourself in a book and let the gentle drizzle create a tranquil reading atmosphere.
Reading,Drizzle,21,Allow yourself to get lost in the pages of a book as the drizzle sets a serene mood.
Reading,Drizzle,22,Expand your literary horizons with a non-fiction book while the drizzle continues.
Reading,Drizzle,23,Indulge in a reading session and enjoy the rhythmic sound of drizzle in the background.
Reading,Drizzle,24,Discover a new genre and let the drizzle provide the perfect backdrop for exploration.
Reading,Drizzle,25,Take this opportunity to read a book that inspires and motivates you.
Reading,Drizzle,26,Let the drizzle outside create a cozy atmosphere for an immersive reading experience.
Reading,Drizzle,27,Challenge your imagination with a fantasy book and let the drizzle transport you to magical realms.
Reading,Drizzle,28,Use this time to catch up on your reading and enjoy the drizzly weather.
Reading,Drizzle,29,Immerse yourself in a book and let the drizzle outside enhance your reading journey.
Reading,Drizzle,30,Curl up with a captivating book and let the drizzle add an extra layer of coziness to your reading time.
Reading,Mist,10,Why not enjoy a misty ambiance while delving into a captivating book?
Reading,Mist,11,Get lost in the pages of a book and let the mist create a sense of mystery and intrigue.
Reading,Mist,12,Indulge in a reading session and allow the misty weather to transport you to another world.
Reading,Mist,13,Take this opportunity to explore poetry and immerse yourself in the misty atmosphere.
Reading,Mist,14,Let the misty surroundings create a serene backdrop for your reading time.
Reading,Mist,15,Escape into the pages of a novel and let the mist add an air of enchantment to your journey.
Reading,Mist,16,Why not dive into a classic literature piece and appreciate its timeless beauty in this misty weather?
Reading,Mist,17,Challenge yourself with a philosophical book and let the misty ambiance inspire deep contemplation.
Reading,Mist,18,Unwind with a captivating story and let the mist create a dreamlike atmosphere.
Reading,Mist,19,Embrace the comfort of reading while enjoying the mystical allure of misty weather.
Reading,Mist,20,Immerse yourself in a book and let the misty ambiance evoke a sense of wonder and curiosity.
Reading,Mist,21,Allow yourself to get lost in the pages of a book as the mist sets a magical mood.
Reading,Mist,22,Expand your literary knowledge with a non-fiction book while the mist adds an aura of intrigue.
Reading,Mist,23,Indulge in a reading session and let the misty atmosphere enhance your sense of calm and serenity.
Reading,Mist,24,Discover a new author and explore their unique storytelling style amidst the misty surroundings.
Reading,Mist,25,Take this opportunity to read a book that empowers and uplifts your spirit.
Reading,Mist,26,Let the mist outside create a cozy ambiance for an immersive reading experience.
Reading,Mist,27,Challenge your creativity with a book on art or poetry and let the mist fuel your inspiration.
Reading,Mist,28,Use this time to catch up on your reading and enjoy the mystical atmosphere of misty weather.
Reading,Mist,29,Immerse yourself in a book and let the mist outside transport you to a world of imagination.
Reading,Mist,30,Curl up with a captivating book and let the misty ambiance envelop you in a sense of tranquility.
Reading,Fog,10,Why not indulge in a captivating book amidst the enchanting foggy weather?
Reading,Fog,11,Get lost in the pages of a novel and let the fog create an air of mystery and intrigue.
Reading,Fog,12,Immerse yourself in a reading session and allow the fog to transport you to distant lands.
Reading,Fog,13,Take this opportunity to explore a collection of short stories and let the fog ignite your imagination.
Reading,Fog,14,Let the foggy surroundings create a serene and magical ambiance for your reading time.
Reading,Fog,15,Escape into the pages of a book and let the fog add an element of mystique to your literary journey.
Reading,Fog,16,Why not discover a new author and let their storytelling captivate you in this foggy weather?
Reading,Fog,17,Challenge your intellect with a thought-provoking book and let the fog inspire deep contemplation.
Reading,Fog,18,Unwind with a captivating story and let the foggy atmosphere create a cozy reading haven.
Reading,Fog,19,Embrace the comfort of reading while enjoying the ethereal beauty of foggy weather.
Reading,Fog,20,Immerse yourself in a book and let the fog outside create a sense of enchantment and wonder.
Reading,Fog,21,Allow yourself to get lost in the pages of a book as the fog envelops your surroundings.
Reading,Fog,22,Expand your literary horizons with a non-fiction book while the fog adds an element of intrigue.
Reading,Fog,23,Indulge in a reading session and let the foggy atmosphere evoke a peaceful and introspective mood.
Reading,Fog,24,Discover a new author and immerse yourself in their unique storytelling amidst the foggy surroundings.
Reading,Fog,25,Take this opportunity to read a book that nourishes your soul and brings you joy.
Reading,Fog,26,Let the fog outside create a cozy ambiance for an immersive reading experience.
Reading,Fog,27,Challenge your perspective with a book on philosophy or psychology and let the fog deepen your understanding.
Reading,Fog,28,Use this time to catch up on your reading and enjoy the ethereal atmosphere of foggy weather.
Reading,Fog,29,Immerse yourself in a book and let the fog outside transport you to a world of imagination and possibility.
Reading,Fog,30,Curl up with a captivating book and let the foggy ambiance embrace you in a sense of tranquility and discovery.
Reading,Rain,10,Why not enjoy a cozy reading session while the raindrops create a soothing melody?
Reading,Rain,11,Curl up with a captivating book and let the rain outside add an extra layer of relaxation.
Reading,Rain,12,Indulge in a reading adventure and let the rhythmic sound of rain transport you to different worlds.
Reading,Rain,13,Take this opportunity to explore a new genre and immerse yourself in the rainy day ambiance.
Reading,Rain,14,Let the raindrops outside create a serene backdrop for your reading time.
Reading,Rain,15,Escape into the pages of a novel and let the rain add an air of tranquility to your literary journey.
Reading,Rain,16,Why not dive into a classic literature piece and appreciate its timeless beauty on this rainy day?
Reading,Rain,17,Challenge yourself with a thought-provoking book and let the rain inspire deep contemplation.
Reading,Rain,18,Unwind with a captivating story and let the raindrops create a cozy reading haven.
Reading,Rain,19,Embrace the comfort of reading while enjoying the soothing sound of rain outside.
Reading,Rain,20,Immerse yourself in a book and let the raindrops outside enhance your reading experience.
Reading,Rain,21,Allow yourself to get lost in the pages of a book as the rain sets a peaceful mood.
Reading,Rain,22,Expand your literary horizons with a non-fiction book while the rain showers continue.
Reading,Rain,23,Indulge in a reading session and let the rainy weather evoke a sense of calm and serenity.
Reading,Rain,24,Discover a new author and explore their unique storytelling style amidst the raindrops.
Reading,Rain,25,Take this opportunity to read a book that empowers and uplifts your spirit on this rainy day.
Reading,Rain,26,Let the rain outside create a cozy ambiance for an immersive reading experience.
Reading,Rain,27,Challenge your imagination with a fantasy book and let the rain transport you to magical realms.
Reading,Rain,28,Use this time to catch up on your reading and enjoy the rainy weather.
Reading,Rain,29,Immerse yourself in a book and let the rain outside nourish your mind and soul.
Reading,Rain,30,Curl up with a captivating book and let the rain add an extra layer of comfort to your reading time.
Reading,Clear,10,Immerse yourself in a captivating novel that transports you to another world.
Reading,Clear,11,Expand your horizons with a non-fiction book that explores a new subject.
Reading,Clear,12,Discover the works of a renowned author and explore their literary world.
Reading,Clear,13,Join a virtual book club and engage in lively discussions with fellow readers.
Reading,Clear,14,Visit your local library and borrow a selection of books that pique your interest.
Reading,Clear,15,Read a collection of inspiring short stories or poems for a dose of creativity.
Reading,Clear,16,Explore classic literature and delve into timeless tales of human experience.
Reading,Clear,17,Enjoy a self-help or personal development book that offers valuable insights.
Reading,Clear,18,Challenge yourself with a thought-provoking philosophical or scientific book.
Reading,Clear,19,Engage in a reading challenge and aim to complete a certain number of books.
Reading,Clear,20,Discover the joy of graphic novels and explore unique storytelling formats.
Reading,Clear,21,Read a biography or memoir of someone who inspires you.
Reading,Clear,22,Join an online writing workshop and refine your storytelling skills.
Reading,Clear,23,Explore different genres and step out of your reading comfort zone.
Reading,Clear,24,Create a cozy reading nook at home and dedicate time for uninterrupted reading.
Reading,Clear,25,Recommend a book to a friend and discuss your favorite parts together.
Reading,Clear,26,Join an online book discussion group to connect with fellow bookworms.
Reading,Clear,27,Discover the works of emerging authors and support independent publishing.
Reading,Clear,28,Read a book that offers practical advice for personal or professional growth.
Reading,Clear,29,Escape into a fantasy world with a series of books that captivate your imagination.
Reading,Clear,30,Reflect on the impact that reading has had on your life and the joy it brings.